1,fastly.net
2,yahoo.com
3,mail.ru
4,youtu.be
5,tds.net
6,google-analytics.com
7,ui.com
8,adobe.com
9,spotify.com
10,sharepoint.com
11,googledomains.com
12,wordpress.com
13,msn.com
14,cloudflare.net
15,nic.ru
16,intuit.com
17,opera.com
18,criteo.com
19,tumblr.com
20,frontapp.com
21,windows.com
22,casalemedia.com
23,samsung.com
24,cnn.com
25,zemanta.com
26,pubmatic.com
27,soundcloud.com
28,archive.org
29,theguardian.com
30,appsflyer.com
31,openx.net
32,meraki.com
33,bbc.co.uk
34,taboola.com
35,ebay.com
36,forbes.com
37,applovin.com
38,reg.ru
39,bbc.com
40,xiaomi.com
41,sourceforge.net
42,smartadserver.com
43,mcafee.com
44,imdb.com
45,hp.com
46,dnsmadeeasy.com
47,amazonvideo.com
48,twitch.tv
49,kaspersky.com
50,atlassian.net
51,ampproject.org
52,washingtonpost.com
53,amazon.co.uk
54,go.com
55,att.net
56,researchgate.net
57,nginx.com
58,wp.com
59,hubspot.com
60,weebly.com
61,launchdarkly.com
62,aol.com
63,tinyurl.com
64,rambler.ru
65,booking.com
66,newrelic.com
67,grammarly.com
68,moatads.com
69,ibm.com
70,360yield.com
71,hostgator.com
72,espn.com
73,b-cdn.net
74,hotjar.com
75,media.net
76,adriver.ru
77,criteo.net
78,wiley.com
79,zendesk.com
80,weather.com
81,nature.com
82,cnbc.com
83,com.com
84,yahoo.co.jp
85,foxnews.com
86,trustpilot.com
87,outbrain.com
88,opendns.com
89,unsplash.com
90,tripadvisor.com
91,npr.org
92,creativecdn.com
93,eventbrite.com
94,wix.com
95,independent.co.uk
96,teads.tv
97,netangels.ru
98,att.com
99,sophos.com
100,goodreads.com
101,mi.com
102,xboxlive.com
103,cpanel.net
104,telegraph.co.uk
105,usatoday.com
106,ipify.org
107,walmart.com
108,globo.com
109,trendmicro.com
110,time.com
111,alibaba.com
112,godaddy.com
113,warnerbros.com
114,ubnt.com
115,imgur.com
116,wired.com
117,scribd.com
118,healthline.com
119,amazon.de
120,adtelligent.com
121,cnet.com
122,ft.com
123,ivi.ru
124,xhamster.com
125,gamepass.com
126,speedtest.net
127,uber.com
128,ted.com
129,webmd.com
130,surveymonkey.com
131,indiatimes.com
132,ups.com
133,sina.com.cn
134,disqus.com
135,buzzfeed.com
136,redislabs.com
137,digitalocean.com
138,rackspace.com
139,viber.com
140,dzen.ru
141,rakuten.co.jp
142,squarespace.com
143,t-mobile.com
144,aliexpress.com
145,braze.com
146,cbsnews.com
147,mailchimp.com
148,checkpoint.com
149,entrust.net
150,imgsmail.ru
151,accuweather.com
152,name.com
153,hilton.com
154,myspace.com
155,marriott.com
156,techcrunch.com
157,theverge.com
158,nypost.com
159,latimes.com
160,livejournal.com
161,badoo.com
162,aliyun.com
163,cornell.edu
164,huffingtonpost.com
165,washington.edu
166,wbx2.com
167,aboutads.info
168,wattpad.com
169,amazon.co.jp
170,prnewswire.com
171,freepik.com
172,nest.com
173,fandom.com
174,qualtrics.com
175,theatlantic.com
176,bluekai.com
177,mts.ru
178,amplitude.com
179,britannica.com
180,optimizely.com
181,uol.com.br
182,box.com
183,atlassian.com
184,rbc.ru
185,autodesk.com
186,target.com
187,themeforest.net
188,pornhub.com
189,duolingo.com
190,bugsnag.com
191,conviva.com
192,elpais.com
193,mlb.com
194,playstation.com
195,yieldmo.com
196,tremorhub.com
197,allegro.pl
198,hulu.com
199,nationalgeographic.com
200,tp-link.com
201,thesun.co.uk
202,stackadapt.com
203,w3schools.com
204,investopedia.com
205,zillow.com
206,dns-shop.ru
207,intercom.io
208,amazon.fr
209,huffpost.com
210,xvideos.com
211,hbr.org
212,sectigo.com
213,contextweb.com
214,wayfair.com
215,life360.com
216,klaviyo.com
217,shein.com
218,dashlane.com
219,33across.com
220,instructure.com
221,entergy.com
222,fiverr.com
223,adobe.net
224,mailchi.mp
225,okta.com
226,people.com
227,dreamhost.com
228,inmobi.com
229,amazon.in
230,shopee.co.id
231,lenovo.com
232,docker.com
233,norton.com
234,mixpanel.com
235,fedex.com
236,zebra.com
237,t-online.de
238,redhat.com
239,allaboutcookies.org
240,netgear.com
241,news.com.au
242,abovedomains.com
243,pbs.org
244,change.org
245,xnxx.com
246,paloaltonetworks.com
247,academia.edu
248,jotform.com
249,ebay.co.uk
250,yahoo.net
251,quantummetric.com
252,arubanetworks.com
253,linode.com
254,adjust.com
255,expedia.com
256,istockphoto.com
257,simpli.fi
258,seznam.cz
259,bild.de
260,a-mo.net
